total,1416
TP,575
FP,12
TN,710
FN,123
accuracy,0.9049295774647887
precision,0.979557069846678
recall,0.8237822349570201
F1-Score,0.8949416342412452
time,504.23027896881104
