total,1416
TP,621
FP,21
TN,701
FN,77
accuracy,0.9309859154929577
precision,0.9672897196261683
recall,0.8896848137535817
F1-Score,0.9268656716417911
time,522.8405094146729
