total,1416
TP,627
FP,15
TN,707
FN,71
accuracy,0.9394366197183098
precision,0.9766355140186916
recall,0.8982808022922636
F1-Score,0.9358208955223881
time,1414.052190065384
