total,1416
TP,527
FP,22
TN,700
FN,171
accuracy,0.8640845070422535
precision,0.9599271402550091
recall,0.7550143266475645
F1-Score,0.8452285485164396
time,752.8748509883881
