total,1416
TP,665
FP,85
TN,637
FN,33
accuracy,0.9169014084507042
precision,0.8866666666666667
recall,0.9527220630372493
F1-Score,0.9185082872928177
time,748.344987154007
