total,1416
TP,608
FP,66
TN,656
FN,90
accuracy,0.8901408450704226
precision,0.9020771513353115
recall,0.8710601719197708
F1-Score,0.8862973760932944
time,781.045193195343
