total,1416
TP,647
FP,82
TN,640
FN,51
accuracy,0.9063380281690141
precision,0.887517146776406
recall,0.9269340974212035
F1-Score,0.9067974772249474
time,978.6242818832397
