total,1416
TP,602
FP,13
TN,709
FN,96
accuracy,0.9232394366197183
precision,0.9788617886178862
recall,0.8624641833810889
F1-Score,0.9169840060929171
time,646.4980673789978
