total,1416
TP,622
FP,17
TN,705
FN,76
accuracy,0.9345070422535211
precision,0.97339593114241
recall,0.8911174785100286
F1-Score,0.9304412864622288
time,1233.1264724731445
