total,1416
TP,657
FP,6
TN,716
FN,41
accuracy,0.9669014084507043
precision,0.9909502262443439
recall,0.9412607449856734
F1-Score,0.9654665686994857
time,795.7578313350677
