total,1416
TP,377
FP,1
TN,721
FN,321
accuracy,0.7732394366197183
precision,0.9973544973544973
recall,0.5401146131805158
F1-Score,0.7007434944237918
time,1259.6531071662903
