total,1416
TP,390
FP,1
TN,721
FN,308
accuracy,0.782394366197183
precision,0.9974424552429667
recall,0.5587392550143266
F1-Score,0.7162534435261707
time,996.7925486564636
