total,1416
TP,460
FP,1
TN,721
FN,238
accuracy,0.8316901408450704
precision,0.9978308026030369
recall,0.6590257879656161
F1-Score,0.7937877480586712
time,6213.686239480972
