total,1416
TP,344
FP,1
TN,721
FN,354
accuracy,0.75
precision,0.9971014492753624
recall,0.49283667621776506
F1-Score,0.6596356663470757
time,2560.2189955711365
