total,1416
TP,502
FP,4
TN,718
FN,196
accuracy,0.8591549295774648
precision,0.9920948616600791
recall,0.7191977077363897
F1-Score,0.8338870431893688
time,2033.770971775055
