total,1416
TP,502
FP,3
TN,719
FN,196
accuracy,0.8598591549295774
precision,0.994059405940594
recall,0.7191977077363897
F1-Score,0.8345802161263507
time,2498.8711111545563
