total,1416
TP,442
FP,1
TN,721
FN,256
accuracy,0.8190140845070423
precision,0.9977426636568849
recall,0.6332378223495702
F1-Score,0.7747589833479404
time,898.5328862667084
