total,1416
TP,563
FP,1
TN,721
FN,135
accuracy,0.9042253521126761
precision,0.99822695035461
recall,0.8065902578796562
F1-Score,0.8922345483359747
time,3479.953773021698
