total,1416
TP,461
FP,1
TN,721
FN,237
accuracy,0.8323943661971831
precision,0.9978354978354979
recall,0.660458452722063
F1-Score,0.7948275862068965
time,3728.418431043625
