total,1416
TP,443
FP,1
TN,721
FN,255
accuracy,0.819718309859155
precision,0.9977477477477478
recall,0.6346704871060171
F1-Score,0.7758318739054292
time,281.6576759815216
