total,1416
TP,494
FP,1
TN,721
FN,204
accuracy,0.8556338028169014
precision,0.997979797979798
recall,0.7077363896848138
F1-Score,0.8281642917015927
time,327.4129240512848
