total,1416
TP,623
FP,1
TN,721
FN,75
accuracy,0.9464788732394366
precision,0.9983974358974359
recall,0.8925501432664756
F1-Score,0.9425113464447805
time,467.3187882900238
