total,1416
TP,485
FP,1
TN,721
FN,213
accuracy,0.8492957746478873
precision,0.9979423868312757
recall,0.6948424068767909
F1-Score,0.8192567567567568
time,279.671019077301
