total,1416
TP,614
FP,2
TN,720
FN,84
accuracy,0.9394366197183098
precision,0.9967532467532467
recall,0.8796561604584527
F1-Score,0.9345509893455098
time,501.3153347969055
