total,1416
TP,523
FP,1
TN,721
FN,175
accuracy,0.8760563380281691
precision,0.9980916030534351
recall,0.7492836676217765
F1-Score,0.855973813420622
time,467.1255249977112
