total,1416
TP,615
FP,2
TN,720
FN,83
accuracy,0.9401408450704225
precision,0.9967585089141004
recall,0.8810888252148997
F1-Score,0.935361216730038
time,339.5304136276245
