total,1416
TP,566
FP,1
TN,721
FN,132
accuracy,0.9063380281690141
precision,0.9982363315696648
recall,0.8108882521489972
F1-Score,0.8948616600790514
time,641.4017879962921
