total,1560
TP,630
FP,0
TN,720
FN,210
accuracy,0.8653846153846154
precision,1.0
recall,0.75
F1-Score,0.8571428571428571
