total,1560
TP,753
FP,0
TN,720
FN,87
accuracy,0.9442307692307692
precision,1.0
recall,0.8964285714285715
F1-Score,0.9453860640301319
