total,1560
TP,661
FP,0
TN,720
FN,179
accuracy,0.8852564102564102
precision,1.0
recall,0.7869047619047619
F1-Score,0.8807461692205197
