total,1560
TP,686
FP,0
TN,720
FN,154
accuracy,0.9012820512820513
precision,1.0
recall,0.8166666666666667
F1-Score,0.8990825688073394
