total,1560
TP,764
FP,0
TN,720
FN,76
accuracy,0.9512820512820512
precision,1.0
recall,0.9095238095238095
F1-Score,0.9526184538653367
