total,1560
TP,668
FP,0
TN,720
FN,172
accuracy,0.8897435897435897
precision,1.0
recall,0.7952380952380952
F1-Score,0.8859416445623343
