total,1560
TP,702
FP,1
TN,719
FN,138
accuracy,0.9108974358974359
precision,0.9985775248933144
recall,0.8357142857142857
F1-Score,0.9099157485418018
