total,1536
TP,492
FP,0
TN,720
FN,324
accuracy,0.7890625
precision,1.0
recall,0.6029411764705882
F1-Score,0.7522935779816513
