total,1536
TP,562
FP,0
TN,720
FN,254
accuracy,0.8346354166666666
precision,1.0
recall,0.6887254901960784
F1-Score,0.8156748911465893
