total,1536
TP,726
FP,0
TN,720
FN,90
accuracy,0.94140625
precision,1.0
recall,0.8897058823529411
F1-Score,0.9416342412451362
