total,1536
TP,566
FP,0
TN,720
FN,250
accuracy,0.8372395833333334
precision,1.0
recall,0.6936274509803921
F1-Score,0.8191027496382055
