total,1536
TP,724
FP,2
TN,718
FN,92
accuracy,0.9388020833333334
precision,0.9972451790633609
recall,0.8872549019607843
F1-Score,0.9390402075226977
