total,1536
TP,614
FP,0
TN,720
FN,202
accuracy,0.8684895833333334
precision,1.0
recall,0.7524509803921569
F1-Score,0.8587412587412587
