total,1536
TP,719
FP,1
TN,719
FN,97
accuracy,0.9361979166666666
precision,0.9986111111111111
recall,0.8811274509803921
F1-Score,0.9361979166666666
