total,1536
TP,565
FP,0
TN,720
FN,251
accuracy,0.8365885416666666
precision,1.0
recall,0.6924019607843137
F1-Score,0.8182476466328747
