total,1536
TP,657
FP,0
TN,720
FN,159
accuracy,0.896484375
precision,1.0
recall,0.8051470588235294
F1-Score,0.8920570264765785
