total,1416
TP,423
FP,0
TN,720
FN,273
accuracy,0.8072033898305084
precision,1.0
recall,0.6077586206896551
F1-Score,0.7560321715817694
