total,1416
TP,585
FP,0
TN,720
FN,111
accuracy,0.9216101694915254
precision,1.0
recall,0.8405172413793104
F1-Score,0.9133489461358314
