total,1416
TP,454
FP,0
TN,720
FN,242
accuracy,0.8290960451977402
precision,1.0
recall,0.6522988505747126
F1-Score,0.7895652173913044
