total,1416
TP,581
FP,3
TN,717
FN,115
accuracy,0.9166666666666666
precision,0.9948630136986302
recall,0.8347701149425287
F1-Score,0.9078125
