total,1416
TP,474
FP,0
TN,720
FN,222
accuracy,0.8432203389830508
precision,1.0
recall,0.6810344827586207
F1-Score,0.8102564102564103
