total,1416
TP,562
FP,0
TN,720
FN,134
accuracy,0.905367231638418
precision,1.0
recall,0.8074712643678161
F1-Score,0.8934817170111288
