total,1416
TP,474
FP,1
TN,719
FN,222
accuracy,0.8425141242937854
precision,0.9978947368421053
recall,0.6810344827586207
F1-Score,0.8095644748078565
