total,1416
TP,493
FP,0
TN,720
FN,203
accuracy,0.856638418079096
precision,1.0
recall,0.7083333333333334
F1-Score,0.8292682926829268
