total,1416
TP,447
FP,0
TN,720
FN,249
accuracy,0.8241525423728814
precision,1.0
recall,0.6422413793103449
F1-Score,0.7821522309711287
