total,1416
TP,487
FP,0
TN,720
FN,209
accuracy,0.8524011299435028
precision,1.0
recall,0.6997126436781609
F1-Score,0.8233305156382079
