total,1416
TP,624
FP,0
TN,720
FN,72
accuracy,0.9491525423728814
precision,1.0
recall,0.896551724137931
F1-Score,0.9454545454545454
