total,1416
TP,492
FP,0
TN,720
FN,204
accuracy,0.8559322033898306
precision,1.0
recall,0.7068965517241379
F1-Score,0.8282828282828283
