total,1416
TP,622
FP,1
TN,719
FN,74
accuracy,0.9470338983050848
precision,0.9983948635634029
recall,0.8936781609195402
F1-Score,0.9431387414708112
