total,1416
TP,523
FP,0
TN,720
FN,173
accuracy,0.8778248587570622
precision,1.0
recall,0.7514367816091954
F1-Score,0.8580803937653815
