total,1416
TP,614
FP,0
TN,720
FN,82
accuracy,0.942090395480226
precision,1.0
recall,0.882183908045977
F1-Score,0.9374045801526718
