total,1416
TP,499
FP,0
TN,720
FN,197
accuracy,0.8608757062146892
precision,1.0
recall,0.7169540229885057
F1-Score,0.8351464435146444
