total,1416
TP,548
FP,0
TN,720
FN,148
accuracy,0.8954802259887006
precision,1.0
recall,0.7873563218390804
F1-Score,0.8810289389067524
