total,1416
TP,562
FP,17
TN,705
FN,136
accuracy,0.8922535211267606
precision,0.9706390328151986
recall,0.8051575931232091
F1-Score,0.8801879404855129
time,666.4390096664429
