total,1416
TP,641
FP,32
TN,690
FN,57
accuracy,0.9373239436619718
precision,0.9524517087667161
recall,0.9183381088825215
F1-Score,0.9350838803792851
time,612.673755645752
