total,1416
TP,629
FP,16
TN,706
FN,69
accuracy,0.9401408450704225
precision,0.9751937984496124
recall,0.9011461318051576
F1-Score,0.9367088607594938
time,1701.413902759552
