total,1416
TP,554
FP,35
TN,687
FN,144
accuracy,0.8739436619718309
precision,0.9405772495755518
recall,0.7936962750716332
F1-Score,0.8609168609168609
time,928.2459177970886
