total,1416
TP,680
FP,108
TN,614
FN,18
accuracy,0.9112676056338028
precision,0.8629441624365483
recall,0.9742120343839542
F1-Score,0.9152086137281292
time,795.0803060531616
