total,1416
TP,633
FP,108
TN,614
FN,65
accuracy,0.8781690140845071
precision,0.854251012145749
recall,0.9068767908309455
F1-Score,0.8797776233495481
time,888.6533608436584
