total,1416
TP,679
FP,98
TN,624
FN,19
accuracy,0.9176056338028169
precision,0.8738738738738738
recall,0.9727793696275072
F1-Score,0.920677966101695
time,847.5261931419373
