total,1416
TP,657
FP,128
TN,594
FN,41
accuracy,0.8809859154929578
precision,0.8369426751592357
recall,0.9412607449856734
F1-Score,0.8860418071476737
time,1251.2490203380585
