total,1416
TP,611
FP,11
TN,711
FN,87
accuracy,0.9309859154929577
precision,0.9823151125401929
recall,0.8753581661891118
F1-Score,0.9257575757575758
time,584.2937214374542
