total,1416
TP,624
FP,20
TN,702
FN,74
accuracy,0.9338028169014084
precision,0.968944099378882
recall,0.8939828080229226
F1-Score,0.9299552906110283
time,1382.729005098343
