total,1416
TP,594
FP,12
TN,710
FN,104
accuracy,0.9183098591549296
precision,0.9801980198019802
recall,0.8510028653295129
F1-Score,0.9110429447852761
time,236.23457860946655
