total,1416
TP,685
FP,60
TN,662
FN,13
accuracy,0.9485915492957746
precision,0.9194630872483222
recall,0.9813753581661891
F1-Score,0.9494109494109495
time,414.15002632141113
