total,1416
TP,610
FP,11
TN,711
FN,88
accuracy,0.930281690140845
precision,0.9822866344605475
recall,0.8739255014326648
F1-Score,0.9249431387414707
time,298.49015974998474
