total,1416
TP,599
FP,15
TN,707
FN,99
accuracy,0.9197183098591549
precision,0.9755700325732899
recall,0.8581661891117478
F1-Score,0.9131097560975608
time,1556.4884130954742
