total,1416
TP,619
FP,25
TN,697
FN,79
accuracy,0.9267605633802817
precision,0.9611801242236024
recall,0.8868194842406877
F1-Score,0.9225037257824142
time,1340.1358456611633
