total,1416
TP,683
FP,81
TN,641
FN,15
accuracy,0.9323943661971831
precision,0.893979057591623
recall,0.9785100286532952
F1-Score,0.9343365253077975
time,3289.5760583877563
