total,1416
TP,608
FP,10
TN,712
FN,90
accuracy,0.9295774647887324
precision,0.9838187702265372
recall,0.8710601719197708
F1-Score,0.9240121580547114
time,1528.9427065849304
