total,1560
TP,635
FP,0
TN,720
FN,205
accuracy,0.8685897435897436
precision,1.0
recall,0.7559523809523809
F1-Score,0.8610169491525423
