total,1560
TP,648
FP,0
TN,720
FN,192
accuracy,0.8769230769230769
precision,1.0
recall,0.7714285714285715
F1-Score,0.870967741935484
