total,1560
TP,749
FP,0
TN,720
FN,91
accuracy,0.9416666666666667
precision,1.0
recall,0.8916666666666667
F1-Score,0.9427312775330398
