total,1560
TP,660
FP,0
TN,720
FN,180
accuracy,0.8846153846153846
precision,1.0
recall,0.7857142857142857
F1-Score,0.88
