total,1560
TP,759
FP,0
TN,720
FN,81
accuracy,0.948076923076923
precision,1.0
recall,0.9035714285714286
F1-Score,0.949343339587242
