total,1560
TP,677
FP,0
TN,720
FN,163
accuracy,0.8955128205128206
precision,1.0
recall,0.805952380952381
F1-Score,0.8925510876730389
