total,1560
TP,768
FP,0
TN,720
FN,72
accuracy,0.9538461538461539
precision,1.0
recall,0.9142857142857143
F1-Score,0.955223880597015
