total,1560
TP,703
FP,1
TN,719
FN,137
accuracy,0.9115384615384615
precision,0.9985795454545454
recall,0.8369047619047619
F1-Score,0.910621761658031
