total,1416
TP,293
FP,1
TN,721
FN,405
accuracy,0.7140845070422536
precision,0.9965986394557823
recall,0.4197707736389685
F1-Score,0.5907258064516129
time,457.62840032577515
