total,1416
TP,376
FP,1
TN,721
FN,322
accuracy,0.7725352112676056
precision,0.9973474801061007
recall,0.5386819484240688
F1-Score,0.6995348837209302
time,476.5398964881897
