total,1416
TP,396
FP,1
TN,721
FN,302
accuracy,0.7866197183098591
precision,0.9974811083123426
recall,0.5673352435530086
F1-Score,0.7232876712328768
time,499.46925616264343
