total,1416
TP,311
FP,1
TN,721
FN,387
accuracy,0.7267605633802817
precision,0.9967948717948718
recall,0.4455587392550143
F1-Score,0.6158415841584158
time,469.2501769065857
