total,1416
TP,342
FP,1
TN,721
FN,356
accuracy,0.7485915492957746
precision,0.9970845481049563
recall,0.4899713467048711
F1-Score,0.6570605187319886
time,605.946231842041
