total,1416
TP,501
FP,4
TN,718
FN,197
accuracy,0.8584507042253521
precision,0.9920792079207921
recall,0.7177650429799427
F1-Score,0.8329177057356609
time,728.8691430091858
