total,1416
TP,415
FP,2
TN,720
FN,283
accuracy,0.7992957746478874
precision,0.9952038369304557
recall,0.5945558739255015
F1-Score,0.7443946188340808
time,725.3656394481659
