total,1416
TP,506
FP,3
TN,719
FN,192
accuracy,0.8626760563380281
precision,0.9941060903732809
recall,0.7249283667621776
F1-Score,0.8384424192212095
time,833.9424052238464
