total,1416
TP,457
FP,1
TN,721
FN,241
accuracy,0.8295774647887324
precision,0.9978165938864629
recall,0.6547277936962751
F1-Score,0.7906574394463668
time,1075.420422554016
