Category,Accuracy,Recall,F1-Score,Precision,Time
C11-Space,0.7140845070422536,0.4197707736389685,0.5907258064516129,0.9965986394557823,457.62840032577515
C19-Computer,0.7267605633802817,0.4455587392550143,0.6158415841584158,0.9967948717948718,469.2501769065857
