total,1416
TP,442
FP,0
TN,720
FN,254
accuracy,0.8206214689265536
precision,1.0
recall,0.6350574712643678
F1-Score,0.7768014059753955
