total,1416
TP,485
FP,0
TN,720
FN,211
accuracy,0.8509887005649718
precision,1.0
recall,0.6968390804597702
F1-Score,0.821337849280271
