total,1416
TP,620
FP,0
TN,720
FN,76
accuracy,0.9463276836158192
precision,1.0
recall,0.8908045977011494
F1-Score,0.9422492401215805
