total,1416
TP,621
FP,2
TN,718
FN,75
accuracy,0.9456214689265536
precision,0.9967897271268058
recall,0.8922413793103449
F1-Score,0.9416224412433661
