total,1416
TP,612
FP,0
TN,720
FN,84
accuracy,0.940677966101695
precision,1.0
recall,0.8793103448275862
F1-Score,0.9357798165137614
