total,1416
TP,490
FP,0
TN,720
FN,206
accuracy,0.8545197740112994
precision,1.0
recall,0.7040229885057471
F1-Score,0.8263069139966273
