total,1416
TP,559
FP,0
TN,720
FN,137
accuracy,0.9032485875706214
precision,1.0
recall,0.8031609195402298
F1-Score,0.8908366533864541
