total,1560
TP,585
FP,0
TN,720
FN,255
accuracy,0.8365384615384616
precision,1.0
recall,0.6964285714285714
F1-Score,0.8210526315789474
