total,1560
TP,689
FP,1
TN,719
FN,151
accuracy,0.9025641025641026
precision,0.9985507246376811
recall,0.8202380952380952
F1-Score,0.9006535947712418
