total,1560
TP,731
FP,0
TN,720
FN,109
accuracy,0.9301282051282052
precision,1.0
recall,0.8702380952380953
F1-Score,0.9306174411203055
