total,1560
TP,619
FP,0
TN,720
FN,221
accuracy,0.8583333333333333
precision,1.0
recall,0.736904761904762
F1-Score,0.8485263879369431
