total,1560
TP,737
FP,1
TN,719
FN,103
accuracy,0.9333333333333333
precision,0.9986449864498645
recall,0.8773809523809524
F1-Score,0.9340937896070977
