total,1560
TP,647
FP,1
TN,719
FN,193
accuracy,0.8756410256410256
precision,0.9984567901234568
recall,0.7702380952380953
F1-Score,0.8696236559139785
