total,1560
TP,719
FP,0
TN,720
FN,121
accuracy,0.9224358974358975
precision,1.0
recall,0.8559523809523809
F1-Score,0.9223861449647209
