total,1560
TP,621
FP,3
TN,717
FN,219
accuracy,0.8576923076923076
precision,0.9951923076923077
recall,0.7392857142857143
F1-Score,0.8483606557377049
