total,1560
TP,636
FP,0
TN,720
FN,204
accuracy,0.8692307692307693
precision,1.0
recall,0.7571428571428571
F1-Score,0.8617886178861789
