total,1536
TP,468
FP,0
TN,720
FN,348
accuracy,0.7734375
precision,1.0
recall,0.5735294117647058
F1-Score,0.7289719626168224
