total,1536
TP,581
FP,0
TN,720
FN,235
accuracy,0.8470052083333334
precision,1.0
recall,0.7120098039215687
F1-Score,0.831782390837509
