total,1536
TP,686
FP,0
TN,720
FN,130
accuracy,0.9153645833333334
precision,1.0
recall,0.8406862745098039
F1-Score,0.9134487350199734
