total,1536
TP,676
FP,3
TN,717
FN,140
accuracy,0.9069010416666666
precision,0.9955817378497791
recall,0.8284313725490197
F1-Score,0.9043478260869565
