total,1536
TP,552
FP,0
TN,720
FN,264
accuracy,0.828125
precision,1.0
recall,0.6764705882352942
F1-Score,0.8070175438596492
