total,1536
TP,675
FP,0
TN,720
FN,141
accuracy,0.908203125
precision,1.0
recall,0.8272058823529411
F1-Score,0.9054325955734406
