total,1536
TP,558
FP,1
TN,719
FN,258
accuracy,0.8313802083333334
precision,0.998211091234347
recall,0.6838235294117647
F1-Score,0.8116363636363637
