total,1416
TP,445
FP,1
TN,721
FN,253
accuracy,0.8211267605633803
precision,0.9977578475336323
recall,0.6375358166189111
F1-Score,0.7779720279720279
time,1034.4422500133514
