total,1416
TP,484
FP,1
TN,721
FN,214
accuracy,0.8485915492957746
precision,0.9979381443298969
recall,0.6934097421203438
F1-Score,0.8182586644125106
time,997.7171382904053
