total,1416
TP,620
FP,1
TN,721
FN,78
accuracy,0.9443661971830986
precision,0.998389694041868
recall,0.8882521489971347
F1-Score,0.9401061410159212
time,3819.7460520267487
