total,1416
TP,481
FP,1
TN,721
FN,217
accuracy,0.8464788732394366
precision,0.9979253112033195
recall,0.6891117478510028
F1-Score,0.8152542372881355
time,1747.668548822403
