total,1416
TP,517
FP,1
TN,721
FN,181
accuracy,0.8718309859154929
precision,0.9980694980694981
recall,0.7406876790830945
F1-Score,0.850328947368421
time,1738.8752403259277
