total,1416
TP,616
FP,2
TN,720
FN,82
accuracy,0.9408450704225352
precision,0.9967637540453075
recall,0.8825214899713467
F1-Score,0.9361702127659575
time,2452.1504900455475
