total,1416
TP,492
FP,1
TN,721
FN,206
accuracy,0.854225352112676
precision,0.9979716024340771
recall,0.7048710601719198
F1-Score,0.8261964735516373
time,892.8140068054199
