total,1416
TP,411
FP,1
TN,721
FN,287
accuracy,0.7971830985915493
precision,0.9975728155339806
recall,0.5888252148997135
F1-Score,0.7405405405405405
time,169.04400825500488
