total,1416
TP,489
FP,1
TN,721
FN,209
accuracy,0.852112676056338
precision,0.9979591836734694
recall,0.7005730659025788
F1-Score,0.8232323232323233
time,204.05656838417053
