total,1416
TP,598
FP,1
TN,721
FN,100
accuracy,0.9288732394366197
precision,0.998330550918197
recall,0.8567335243553008
F1-Score,0.9221279876638396
time,449.83991861343384
