total,1416
TP,451
FP,1
TN,721
FN,247
accuracy,0.8253521126760563
precision,0.9977876106194691
recall,0.6461318051575932
F1-Score,0.7843478260869566
time,258.67612075805664
