total,1416
TP,579
FP,4
TN,718
FN,119
accuracy,0.9133802816901408
precision,0.9931389365351629
recall,0.829512893982808
F1-Score,0.9039812646370025
time,231.80221962928772
