total,1416
TP,471
FP,1
TN,721
FN,227
accuracy,0.8394366197183099
precision,0.9978813559322034
recall,0.6747851002865329
F1-Score,0.8051282051282052
time,308.2561113834381
