total,1416
TP,512
FP,1
TN,721
FN,186
accuracy,0.8683098591549295
precision,0.9980506822612085
recall,0.7335243553008596
F1-Score,0.8455821635012386
time,443.1784644126892
