total,1416
TP,558
FP,17
TN,705
FN,140
accuracy,0.8894366197183099
precision,0.9704347826086956
recall,0.7994269340974212
F1-Score,0.8766692851531814
time,1365.8744730949402
