total,1416
TP,675
FP,29
TN,693
FN,23
accuracy,0.9633802816901409
precision,0.9588068181818182
recall,0.9670487106017192
F1-Score,0.9629101283880172
time,1118.411170244217
