total,1416
TP,642
FP,33
TN,689
FN,56
accuracy,0.9373239436619718
precision,0.9511111111111111
recall,0.9197707736389685
F1-Score,0.9351784413692644
time,1360.8716168403625
