total,1416
TP,628
FP,19
TN,703
FN,70
accuracy,0.9373239436619718
precision,0.9706336939721792
recall,0.8997134670487106
F1-Score,0.9338289962825279
time,6441.257626771927
