total,1416
TP,687
FP,14
TN,708
FN,11
accuracy,0.9823943661971831
precision,0.9800285306704708
recall,0.9842406876790831
F1-Score,0.9821300929235169
time,4360.592574834824
