total,1416
TP,554
FP,34
TN,688
FN,144
accuracy,0.8746478873239436
precision,0.9421768707482994
recall,0.7936962750716332
F1-Score,0.8615863141524106
time,2797.6967103481293
