total,1416
TP,681
FP,109
TN,613
FN,17
accuracy,0.9112676056338028
precision,0.8620253164556962
recall,0.9756446991404012
F1-Score,0.9153225806451613
time,1814.2989587783813
