total,1416
TP,629
FP,108
TN,614
FN,69
accuracy,0.8753521126760564
precision,0.8534599728629579
recall,0.9011461318051576
F1-Score,0.8766550522648084
time,2783.000292301178
