total,1416
TP,658
FP,131
TN,591
FN,40
accuracy,0.8795774647887324
precision,0.8339670468948035
recall,0.9426934097421203
F1-Score,0.8850033624747814
time,3119.355591773987
