total,1416
TP,679
FP,97
TN,625
FN,19
accuracy,0.9183098591549296
precision,0.875
recall,0.9727793696275072
F1-Score,0.9213025780189958
time,2219.163052558899
