total,1416
TP,586
FP,19
TN,703
FN,112
accuracy,0.9077464788732394
precision,0.968595041322314
recall,0.839541547277937
F1-Score,0.8994627782041442
time,1452.8913786411285
