total,1416
TP,623
FP,21
TN,701
FN,75
accuracy,0.9323943661971831
precision,0.967391304347826
recall,0.8925501432664756
F1-Score,0.9284649776453054
time,4035.4422137737274
