total,1416
TP,663
FP,14
TN,708
FN,35
accuracy,0.9654929577464789
precision,0.9793205317577548
recall,0.9498567335243553
F1-Score,0.9643636363636363
time,339.9696021080017
