total,1416
TP,689
FP,12
TN,710
FN,9
accuracy,0.9852112676056338
precision,0.9828815977175464
recall,0.9871060171919771
F1-Score,0.9849892780557541
time,741.9186406135559
