total,1416
TP,616
FP,14
TN,708
FN,82
accuracy,0.9323943661971831
precision,0.9777777777777777
recall,0.8825214899713467
F1-Score,0.9277108433734939
time,519.1300570964813
