total,1416
TP,645
FP,46
TN,676
FN,53
accuracy,0.930281690140845
precision,0.9334298118668596
recall,0.9240687679083095
F1-Score,0.9287257019438445
time,700.2948970794678
