total,1416
TP,668
FP,50
TN,672
FN,30
accuracy,0.9436619718309859
precision,0.9303621169916435
recall,0.9570200573065902
F1-Score,0.9435028248587571
time,508.24715781211853
