total,1416
TP,597
FP,14
TN,708
FN,101
accuracy,0.9190140845070423
precision,0.9770867430441899
recall,0.8553008595988538
F1-Score,0.9121466768525591
time,469.4273977279663
