total,1416
TP,674
FP,28
TN,694
FN,24
accuracy,0.9633802816901409
precision,0.9601139601139601
recall,0.9656160458452722
F1-Score,0.9628571428571429
time,505.8741545677185
