total,1416
TP,687
FP,13
TN,709
FN,11
accuracy,0.9830985915492958
precision,0.9814285714285714
recall,0.9842406876790831
F1-Score,0.9828326180257511
time,1184.8514392375946
