total,1416
TP,619
FP,24
TN,698
FN,79
accuracy,0.9274647887323944
precision,0.9626749611197511
recall,0.8868194842406877
F1-Score,0.9231916480238629
time,503.5688376426697
