total,1416
TP,664
FP,72
TN,650
FN,34
accuracy,0.9253521126760563
precision,0.9021739130434783
recall,0.9512893982808023
F1-Score,0.9260808926080892
time,658.1976153850555
