total,1416
TP,660
FP,12
TN,710
FN,38
accuracy,0.9647887323943662
precision,0.9821428571428571
recall,0.9455587392550143
F1-Score,0.9635036496350365
time,1018.5710966587067
