total,1416
TP,347
FP,1
TN,721
FN,351
accuracy,0.752112676056338
precision,0.9971264367816092
recall,0.497134670487106
F1-Score,0.6634799235181644
time,365.9412491321564
