total,1416
TP,388
FP,2
TN,720
FN,310
accuracy,0.780281690140845
precision,0.9948717948717949
recall,0.5558739255014327
F1-Score,0.713235294117647
time,371.1977388858795
