total,1416
TP,432
FP,1
TN,721
FN,266
accuracy,0.8119718309859155
precision,0.9976905311778291
recall,0.6189111747851003
F1-Score,0.7639257294429708
time,933.6432628631592
