total,1416
TP,317
FP,1
TN,721
FN,381
accuracy,0.7309859154929578
precision,0.9968553459119497
recall,0.45415472779369626
F1-Score,0.6240157480314961
time,499.7492263317108
