total,1416
TP,440
FP,4
TN,718
FN,258
accuracy,0.8154929577464789
precision,0.990990990990991
recall,0.6303724928366762
F1-Score,0.7705779334500875
time,597.775185585022
