total,1416
TP,367
FP,1
TN,721
FN,331
accuracy,0.7661971830985915
precision,0.9972826086956522
recall,0.5257879656160458
F1-Score,0.6885553470919324
time,593.3233978748322
