total,1416
TP,589
FP,1
TN,721
FN,109
accuracy,0.9225352112676056
precision,0.9983050847457627
recall,0.8438395415472779
F1-Score,0.9145962732919254
time,293.63612389564514
