total,1416
TP,439
FP,1
TN,721
FN,259
accuracy,0.8169014084507042
precision,0.9977272727272727
recall,0.6289398280802292
F1-Score,0.7715289982425307
time,628.8411951065063
