total,1416
TP,464
FP,3
TN,719
FN,234
accuracy,0.8330985915492958
precision,0.9935760171306209
recall,0.664756446991404
F1-Score,0.7965665236051501
time,209.63103580474854
