total,1416
TP,414
FP,1
TN,721
FN,284
accuracy,0.7992957746478874
precision,0.9975903614457832
recall,0.5931232091690545
F1-Score,0.7439353099730458
time,429.94171929359436
