total,1416
TP,373
FP,1
TN,721
FN,325
accuracy,0.7704225352112676
precision,0.9973262032085561
recall,0.5343839541547278
F1-Score,0.6958955223880596
time,831.906768321991
